ID,Name,Number,City,Mix
1976,KAMLA ENTERPRISES,8689000581,CHEEKA,KAMLA ENTERPRISES | 8689000581 | CHEEKA
1974,ANAY SANITATIONS,9425042043,Harda,ANAY SANITATIONS | 9425042043 | Harda
1952,NEW SAGAR TRADERS,9826031295,Indore,NEW SAGAR TRADERS | 9826031295 | Indore
1951,SRI BALAJI STONES,9413784081,Churu,SRI BALAJI STONES | 9413784081 | Churu
1950,VITALY INDIA PRIVATE LIMITED,7002924953,Gorakhpur,VITALY INDIA PRIVATE LIMITED | 7002924953 | Gorakhpur
1946,SHREE HANUMAT MARBLE & SANITATIONS,9814121669,Jalandhar,SHREE HANUMAT MARBLE & SANITATIONS | 9814121669 | Jalandhar
1945,MONGA MARBLES,9877777413,Firozpur,MONGA MARBLES | 9877777413 | Firozpur
1944,SIDHI VINAYAK ENTERPRISES,9934486480,Patna,SIDHI VINAYAK ENTERPRISES | 9934486480 | Patna
1940,LUCKY SANITARY,7009574543,Fazilka,LUCKY SANITARY | 7009574543 | Fazilka
1935,NAMOKAR SALES,9425313146,Indore,NAMOKAR SALES | 9425313146 | Indore
1927,SR BUILDING SOLUTIONS,7379225074,Lucknow,SR BUILDING SOLUTIONS | 7379225074 | Lucknow
1921,R K MARBLE HOUSE,9815133046,Barnala,R K MARBLE HOUSE | 9815133046 | Barnala
1920,J.K. INDUSTRIES,9876800450,Sangrur,J.K. INDUSTRIES | 9876800450 | Sangrur
1918,M. V. PATEL AND CO.,9713240406,Indore,M. V. PATEL AND CO. | 9713240406 | Indore
1910,CHANDRA MARBLE AND TILE DECOR,9219605405,Hathras,CHANDRA MARBLE AND TILE DECOR | 9219605405 | Hathras
1908,GUPTA SALES CORP.,9413384800,Bikaner,GUPTA SALES CORP. | 9413384800 | Bikaner
1906,RIDDHI SIDDHI CERAMICS PRIVATE LIMITED,8288806726,Bikaner,RIDDHI SIDDHI CERAMICS PRIVATE LIMITED | 8288806726 | Bikaner
1903,BANSAL MARBLES & TILES,9810533058,delhi,BANSAL MARBLES & TILES | 9810533058 | delhi
1902,NEW IDENTITY,8870011390,Madurai,NEW IDENTITY | 8870011390 | Madurai
1898,MEERA MARBLES,9811111569,delhi,MEERA MARBLES | 9811111569 | delhi
1891,Shreenath Tiles and Sanitary,9617064004,Indore,Shreenath Tiles and Sanitary | 9617064004 | Indore
1887,SAGAR TILES AND MARBLE,9838072380,Ayodhya,SAGAR TILES AND MARBLE | 9838072380 | Ayodhya
1884,ALF CERAMICS,6262525333,Indore,ALF CERAMICS | 6262525333 | Indore
1881,SANGHVI SONS,9825231501,Mandvi,SANGHVI SONS | 9825231501 | Mandvi
1872,FLOOR TOP CERAMIC LLP,9833234422,Mumbai,FLOOR TOP CERAMIC LLP | 9833234422 | Mumbai
1867,SHRI MOJI GROUP,6350539633,Sirohi,SHRI MOJI GROUP | 6350539633 | Sirohi
1864,MAHAVIR ENTERPRISES,9422026011,Pune,MAHAVIR ENTERPRISES | 9422026011 | Pune
1862,D & D ENTERPRISE,9820017934,Mumbai,D & D ENTERPRISE | 9820017934 | Mumbai
1859,SHIVA TILE EMPORIUM,9392000003,Amritsar,SHIVA TILE EMPORIUM | 9392000003 | Amritsar
1858,Shubham Bhatt,8320099260,Ahmedabad,Shubham Bhatt | 8320099260 | Ahmedabad
1854,SHREE AMBAJI MARBLES AND TILES,9636890714,Sirohi,SHREE AMBAJI MARBLES AND TILES | 9636890714 | Sirohi
1851,SHRI VINAYAK TRADING COMPANY,9993821840,Gwalior,SHRI VINAYAK TRADING COMPANY | 9993821840 | Gwalior
1849,NEW ASHISH TRADERS,9795252972,Gorakhpur,NEW ASHISH TRADERS | 9795252972 | Gorakhpur
1847,DWARKADHISH ENTERPRISES,9456604040,Bulandshahr,DWARKADHISH ENTERPRISES | 9456604040 | Bulandshahr
1832,CEMENT CORPORATION,9824153867,Valsad,CEMENT CORPORATION | 9824153867 | Valsad
1830,TRIIO,8109492929,Raipur,TRIIO | 8109492929 | Raipur
1829,A.B.S. MARKETING,9810083013,delhi,A.B.S. MARKETING | 9810083013 | delhi
1828,ARIHANT STONE ART,9266129529,Ghaziabad,ARIHANT STONE ART | 9266129529 | Ghaziabad
1827,PATEL PLY AND HARDWARE SANITARY,9974533255,Amreli,PATEL PLY AND HARDWARE SANITARY | 9974533255 | Amreli
1818,TILES EXCLUSIVE,9927969404,Hapur,TILES EXCLUSIVE | 9927969404 | Hapur
1808,HARIHAR GRANITES LTD,80959 86344,Madurai,HARIHAR GRANITES LTD | 80959 86344 | Madurai
1803,PATEL TILES AND SANITARY,8839613205,Raisen,PATEL TILES AND SANITARY | 8839613205 | Raisen
1802,TIRUPATI TILES & SANITARY WARE,8319530078,Sehore,TIRUPATI TILES & SANITARY WARE | 8319530078 | Sehore
1794,PINK CITY MARBLES,7908809471,Asansol,PINK CITY MARBLES | 7908809471 | Asansol
1778,ROOP N SONS,9997740568,Agra,ROOP N SONS | 9997740568 | Agra
1777,THE STONE PEOPLE,9873939391,delhi,THE STONE PEOPLE | 9873939391 | delhi
1776,BANSAL SANITARY STORE,9634456565,Aligarh,BANSAL SANITARY STORE | 9634456565 | Aligarh
1774,PLEASURE TRADING COMPANY,9425017620,Bhopal,PLEASURE TRADING COMPANY | 9425017620 | Bhopal
1766,SAKTHI ENTERPRISES,9843808492,Tirunelveli,SAKTHI ENTERPRISES | 9843808492 | Tirunelveli
1759,RADHAMADHAV TILES,9212456792,Bhopal,RADHAMADHAV TILES | 9212456792 | Bhopal
1749,SAGAR TRADING COMPANY,9107777789,Saharanpur,SAGAR TRADING COMPANY | 9107777789 | Saharanpur
1743,MARUDHAR MARBLE & GRANITE,9829666666,Kolkata,MARUDHAR MARBLE & GRANITE | 9829666666 | Kolkata
1742,CERAMIC INC,8733020443,Surat,CERAMIC INC | 8733020443 | Surat
1735,ARIHANT BUILD MART PVT.LTD.,9884812901,Chennai,ARIHANT BUILD MART PVT.LTD. | 9884812901 | Chennai
1734,DARVESH MARBLE ENTERPRISES,9300178006,Bhopal,DARVESH MARBLE ENTERPRISES | 9300178006 | Bhopal
1727,AVTHAR CERAMICS,9727500043,Dindigul,AVTHAR CERAMICS | 9727500043 | Dindigul
1724,OM ENTERPRISES,9830453085,Kolkata,OM ENTERPRISES | 9830453085 | Kolkata
1723,AASHIYANA,8302044444,kota,AASHIYANA | 8302044444 | kota
1716,VISALA AGENCIES,8270754512,Tiruchirappalli,VISALA AGENCIES | 8270754512 | Tiruchirappalli
1712,SHREE JI TILES,6378677959,Bhilwara,SHREE JI TILES | 6378677959 | Bhilwara
1703,CERAMIC MALL,8127227777,Kanpur,CERAMIC MALL | 8127227777 | Kanpur
1702,SINGH MARBLE,7007345871,Sultanpur,SINGH MARBLE | 7007345871 | Sultanpur
1701,P.D.STEELS,9930706073,Lucknow,P.D.STEELS | 9930706073 | Lucknow
1700,Vinayak Enterprises,8318590861,Lucknow,Vinayak Enterprises | 8318590861 | Lucknow
1699,AYODHYA CERAMICS,8882651730,Ayodhya,AYODHYA CERAMICS | 8882651730 | Ayodhya
1696,ADITYA INFRASTRUCTURE,9919521585,Lucknow,ADITYA INFRASTRUCTURE | 9919521585 | Lucknow
1693,ARIHANT TILES,7728897992,Chittorgarh,ARIHANT TILES | 7728897992 | Chittorgarh
1691,BEAUTY CERAMICS,9788436333,Erode,BEAUTY CERAMICS | 9788436333 | Erode
1688,KAILAS TRADERS,9894134340,Tiruppur,KAILAS TRADERS | 9894134340 | Tiruppur
1678,LAXMI ASSOCIATES (STONE ART),7000702729,Sidhi,LAXMI ASSOCIATES (STONE ART) | 7000702729 | Sidhi
1674,Hariom Tiles & Sanitary,8871151313,Umaria,Hariom Tiles & Sanitary | 8871151313 | Umaria
1672,REWA HARDWARE,9589895389,Beohari,REWA HARDWARE | 9589895389 | Beohari
1665,prem traders,9424697400,Shahdol,prem traders | 9424697400 | Shahdol
1661,SIDDHI VINAYAK TILES & SANITARY,9414101454,Banswara,SIDDHI VINAYAK TILES & SANITARY | 9414101454 | Banswara
1646,LUXERA SURFACES,9509590199,Dungarpur,LUXERA SURFACES | 9509590199 | Dungarpur
1644,BALAJI TILES,9370726631,Nagpur,BALAJI TILES | 9370726631 | Nagpur
1626,GURU NANAK MARBLE INDS,9899627684,delhi,GURU NANAK MARBLE INDS | 9899627684 | delhi
1625,D D MARBLES,9045031449,Dehradun,D D MARBLES | 9045031449 | Dehradun
1624,ADARSH ENTERPRISES,8305584427,Betul,ADARSH ENTERPRISES | 8305584427 | Betul
1623,SHINDE SALES CORPORATIONS,7517283737,Pune,SHINDE SALES CORPORATIONS | 7517283737 | Pune
1620,KHATRI TILES CENTER,9826175303,Chhindwara,KHATRI TILES CENTER | 9826175303 | Chhindwara
1616,SHUBHAM CERAMIC,9825122574,Surat,SHUBHAM CERAMIC | 9825122574 | Surat
1606,HOMETOWN,9584335677,Balaghat,HOMETOWN | 9584335677 | Balaghat
1595,D E CERAMICA,9210338627,Gurgaon,D E CERAMICA | 9210338627 | Gurgaon
1591,CERAMIC PLAZA PRO.,9424321116,Jabalpur,CERAMIC PLAZA PRO. | 9424321116 | Jabalpur
1590,YASH MARBLE AND SANATRY,9662842448,Navsari,YASH MARBLE AND SANATRY | 9662842448 | Navsari
1573,KESHARIYA SALES CORPORATION,9427107617,Vyara,KESHARIYA SALES CORPORATION | 9427107617 | Vyara
1572,VARSHA INDUSTRIES,9425170836,Sagar,VARSHA INDUSTRIES | 9425170836 | Sagar
1557,SRI RAM MARBLES,9415245423,Gorakhpur,SRI RAM MARBLES | 9415245423 | Gorakhpur
1556,DESHNA ENTERPRISES PROP AJIT KUMAR JAIN,6268371159,Tikamgarh,DESHNA ENTERPRISES PROP AJIT KUMAR JAIN | 6268371159 | Tikamgarh
1554,SHAKUNTALA GRANITE AND TILES,9009767272,Murwara (Katni),SHAKUNTALA GRANITE AND TILES | 9009767272 | Murwara (Katni)
1548,SREE NIMA ENTERPRISES,9966335544,Rangareddy,SREE NIMA ENTERPRISES | 9966335544 | Rangareddy
1546,M.D.LULLA,8788737539,Thane,M.D.LULLA | 8788737539 | Thane
1522,SHREE SAVA CERAMIC MALL,8401867282,Patan,SHREE SAVA CERAMIC MALL | 8401867282 | Patan
1506,SHRI GANGA BATH,9412219483,Hapur,SHRI GANGA BATH | 9412219483 | Hapur
1505,HAWK BATH ASSETS,9756710084,Sitarganj,HAWK BATH ASSETS | 9756710084 | Sitarganj
1501,MEWAD TRADING COMPANY,9898112212,Ahmedabad,MEWAD TRADING COMPANY | 9898112212 | Ahmedabad
1498,SUNDARAM HOME PLAZA,9456967279,Pilibhit,SUNDARAM HOME PLAZA | 9456967279 | Pilibhit
1495,N S TILES,9763742852,Pune,N S TILES | 9763742852 | Pune
1491,GANGA BATH & ARTS EMPORIUM,9927289900,Kashipur,GANGA BATH & ARTS EMPORIUM | 9927289900 | Kashipur
1487,JAI BALAJI MARBLE & GRANITE,9045534311,Moradabad,JAI BALAJI MARBLE & GRANITE | 9045534311 | Moradabad
1485,YASH ENTERPRISE (CASA RICCA ),9723812850,Ahmedabad,YASH ENTERPRISE (CASA RICCA ) | 9723812850 | Ahmedabad
1472,DESIGNER FLOORS,9879003315,Ahmedabad,DESIGNER FLOORS | 9879003315 | Ahmedabad
1463,AMAN ENTERPRISES,7397463250,Gwalior,AMAN ENTERPRISES | 7397463250 | Gwalior
1442,NIKHIL TRADERS,9823406000,Yavatmal,NIKHIL TRADERS | 9823406000 | Yavatmal
1425,SINGH CONSTRUCTION COMPANY,9918349936,Deoria,SINGH CONSTRUCTION COMPANY | 9918349936 | Deoria
1423,BALA JI AGENCIES,8318283121,Ayodhya,BALA JI AGENCIES | 8318283121 | Ayodhya
1419,SAUNDRYA TILES COMPANY,9823489464,Nagpur,SAUNDRYA TILES COMPANY | 9823489464 | Nagpur
1418,VANDANA TILES,9890040355,Wardha,VANDANA TILES | 9890040355 | Wardha
1416,SHRI SALASAR TRADERS,9421463401,Buldhana,SHRI SALASAR TRADERS | 9421463401 | Buldhana
1415,JAI RAM SONS,9412260181,Agra,JAI RAM SONS | 9412260181 | Agra
1414,JUGAL KISHORE NAWAL KISHORE,8449400600,Mathura,JUGAL KISHORE NAWAL KISHORE | 8449400600 | Mathura
1413,ASHU TRADERS,9326611111,Gondia,ASHU TRADERS | 9326611111 | Gondia
1407,TAPADIYA TILES AND HARDWARE,8888946446,Hingoli,TAPADIYA TILES AND HARDWARE | 8888946446 | Hingoli
1377,HARIOMS GRANITE WORLD,9665032321,Nagpur,HARIOMS GRANITE WORLD | 9665032321 | Nagpur
1361,VYOMAN INNOVATIONS PRIVATE LIMITED,9811954595,delhi,VYOMAN INNOVATIONS PRIVATE LIMITED | 9811954595 | delhi
1360,SHANIRAJ INTERNATIONAL TRADING COMPANY,7720000095,Ahmednagar,SHANIRAJ INTERNATIONAL TRADING COMPANY | 7720000095 | Ahmednagar
1349,QUALITY MARBLES,9837233964,Meerut,QUALITY MARBLES | 9837233964 | Meerut
1344,TILEOCRAFT,9818681260,Noida,TILEOCRAFT | 9818681260 | Noida
1343,GURUJI CERAMICS PRIVATE LIMITED,9990402314,Gurgaon,GURUJI CERAMICS PRIVATE LIMITED | 9990402314 | Gurgaon
1342,ORO CERAMICS LLP,9871400020,Gurgaon,ORO CERAMICS LLP | 9871400020 | Gurgaon
1341,SHREE OM TILES,9212610962,Gurgaon,SHREE OM TILES | 9212610962 | Gurgaon
1340,BATH WORLD,9811671627,delhi,BATH WORLD | 9811671627 | delhi
1339,SHAKTI TRADERS,9368885001,Rudrapur,SHAKTI TRADERS | 9368885001 | Rudrapur
1338,GOYAL MARBAL STORE,9837054337,Bazpur,GOYAL MARBAL STORE | 9837054337 | Bazpur
1336,BHAGWAN MARBLES,7500027000,Nainital,BHAGWAN MARBLES | 7500027000 | Nainital
1335,ART CERAMICA,9717075490,Ghaziabad,ART CERAMICA | 9717075490 | Ghaziabad
1332,YUVAAN CERAMICS,8505085004,Chittorgarh,YUVAAN CERAMICS | 8505085004 | Chittorgarh
1328,ROSITA BATHFITTING & SANITARYWARE LLP,9423675556,Shrirampur,ROSITA BATHFITTING & SANITARYWARE LLP | 9423675556 | Shrirampur
1319,NAVKAR TILES AND GRANITE,9069601008,CHHTRAPATI SAMBHAJINAGAR,NAVKAR TILES AND GRANITE | 9069601008 | CHHTRAPATI SAMBHAJINAGAR
1318,WORLD OF STONES PRIVATE LIMITED,9828271302,kota,WORLD OF STONES PRIVATE LIMITED | 9828271302 | kota
1311,THE DESIGNER BATH STUDIO,9016942091,Vadodara,THE DESIGNER BATH STUDIO | 9016942091 | Vadodara
1307,LAXMI TILES,7768007887,Pune,LAXMI TILES | 7768007887 | Pune
1299,SRI PARRAM MARKETING,7030930005,Pune,SRI PARRAM MARKETING | 7030930005 | Pune
1288,JANTA TILE MAHAL 2,9899766749,Gurgaon,JANTA TILE MAHAL 2 | 9899766749 | Gurgaon
1287,STONEX,9587767948,Sikar,STONEX | 9587767948 | Sikar
1284,SHREE BALA JI TILES,7206384048,Pinjore,SHREE BALA JI TILES | 7206384048 | Pinjore
1279,ELITE EARTH (RAM CHANDER & SONS),8360760427,Panchkula,ELITE EARTH (RAM CHANDER & SONS) | 8360760427 | Panchkula
1278,D.T. DESIGNER TILES,9999978931,delhi,D.T. DESIGNER TILES | 9999978931 | delhi
1277,Ceramic Emporium,8888298688,Pune,Ceramic Emporium | 8888298688 | Pune
1276,OPAL MARKETING,9512792525,Pune,OPAL MARKETING | 9512792525 | Pune
1261,KRISHNA SANITARY WARE,8407969779,Solapur,KRISHNA SANITARY WARE | 8407969779 | Solapur
1260,D.D. CORPORATION,9816302410,Hamirpur,D.D. CORPORATION | 9816302410 | Hamirpur
1251,SHABNAM CERAMIC,9998536535,Bharuch,SHABNAM CERAMIC | 9998536535 | Bharuch
1245,B C ABROL & COMPANY,9811080081,delhi,B C ABROL & COMPANY | 9811080081 | delhi
1244,GANGA MARBLES,9319059907,Dehradun,GANGA MARBLES | 9319059907 | Dehradun
1243,ATC INTERIORS,9723455165,Rajkot,ATC INTERIORS | 9723455165 | Rajkot
1241,LUXMI TRADERS,9988282228,Sangrur,LUXMI TRADERS | 9988282228 | Sangrur
1240,G D MARBLES,8077142331,Bijnor,G D MARBLES | 8077142331 | Bijnor
1223,STANDARD SANITARY SALES PVT. LTD.,9212499999,Faridabad,STANDARD SANITARY SALES PVT. LTD. | 9212499999 | Faridabad
1196,KAY ELL OVERSEAS,9813222255,Hisar,KAY ELL OVERSEAS | 9813222255 | Hisar
1189,Dummy,9265243054,Morbi,Dummy | 9265243054 | Morbi
1187,HARDWAR HOME DECOR,7017449109,Hardwar,HARDWAR HOME DECOR | 7017449109 | Hardwar
1186,ASSOCIATED MARBLES,8290580301,delhi,ASSOCIATED MARBLES | 8290580301 | delhi
1178,DHIRAJ MARBLES,9971670449,delhi,DHIRAJ MARBLES | 9971670449 | delhi
1157,Test,7016248207,Ahmedabad,Test | 7016248207 | Ahmedabad
1126,MODERN SANITARY & TILES,9935518797,Varanasi,MODERN SANITARY & TILES | 9935518797 | Varanasi
1125,RAJ MARBLE & CEMENT,9923348153,Allahabad,RAJ MARBLE & CEMENT | 9923348153 | Allahabad
1124,JAISWAL BROTHERS,9026611192,Rae Bareli,JAISWAL BROTHERS | 9026611192 | Rae Bareli
1115,SHREE RAM SURFACES,9426518017,Rajkot,SHREE RAM SURFACES | 9426518017 | Rajkot
1107,M C AND CO.,9811514770,Ghaziabad,M C AND CO. | 9811514770 | Ghaziabad
1090,SAWHNEY HARDWARE STORE,9336117018,Kanpur,SAWHNEY HARDWARE STORE | 9336117018 | Kanpur
1089,PRAGATI SENITATION,9415454550,Deoria,PRAGATI SENITATION | 9415454550 | Deoria
1061,NARMADA ENTERPRISE,9913552555,Morbi,NARMADA ENTERPRISE | 9913552555 | Morbi
1045,BRILLANO CERAMICO PRIVATE LIMITED,8433923367,Bhiwandi,BRILLANO CERAMICO PRIVATE LIMITED | 8433923367 | Bhiwandi
1040,SAN ENTERPRISES,9650959714,delhi,SAN ENTERPRISES | 9650959714 | delhi
1035,CITYART HOME STUDIO LLP,9081851133,Rajkot,CITYART HOME STUDIO LLP | 9081851133 | Rajkot
1032,VARDHMAN TRADERS,9898029150,ANJAR,VARDHMAN TRADERS | 9898029150 | ANJAR
1028,MANOMAY,9599106213,delhi,MANOMAY | 9599106213 | delhi
1022,MANGLAM TILES,7225862001,Narsinghgarh,MANGLAM TILES | 7225862001 | Narsinghgarh
1008,SHUBHAM MARBLES,9812067630,Mahendragarh,SHUBHAM MARBLES | 9812067630 | Mahendragarh
1007,VERMA SANITATION AND DECORE,9888695962,Bathinda,VERMA SANITATION AND DECORE | 9888695962 | Bathinda
989,S.S. SANITATION,9434027755,Siliguri,S.S. SANITATION | 9434027755 | Siliguri
986,GOODWILL ENTERPRISES,9352528472,Udaipur,GOODWILL ENTERPRISES | 9352528472 | Udaipur
959,H.H.N.TRADERS,8303529830,Varanasi,H.H.N.TRADERS | 8303529830 | Varanasi
951,CERAMIC JUNCTION PATNA LLP,6205977736,Patna,CERAMIC JUNCTION PATNA LLP | 6205977736 | Patna
946,SONAL CERAMICS,9822300018,Pune,SONAL CERAMICS | 9822300018 | Pune
945,SHINE MARBLES,8595333143,delhi,SHINE MARBLES | 8595333143 | delhi
941,Astha Tiles And Stones,9818081134,Noida,Astha Tiles And Stones | 9818081134 | Noida
938,HANSRAJ TILES AND BATHWARE LLP,8447145720,Ghaziabad,HANSRAJ TILES AND BATHWARE LLP | 8447145720 | Ghaziabad
936,YAMUNA STEEL AND CEMENT,9725378477,Junagadh,YAMUNA STEEL AND CEMENT | 9725378477 | Junagadh
933,GUPTA MARBLES,9872980273,Tarn Taran,GUPTA MARBLES | 9872980273 | Tarn Taran
906,M.K.MARBLE IND.,9991669914,Sonipat,M.K.MARBLE IND. | 9991669914 | Sonipat
905,DWARKADHISH ENTERPRISE,9825035190,Rajkot,DWARKADHISH ENTERPRISE | 9825035190 | Rajkot
879,THE TILES WALA,9667399257,Sikar,THE TILES WALA | 9667399257 | Sikar
836,MAYUR SANITARY HOUSE,9303131312,Bhopal,MAYUR SANITARY HOUSE | 9303131312 | Bhopal
834,H. F. INTERIORSS,9825206572,Bhavnagar,H. F. INTERIORSS | 9825206572 | Bhavnagar
815,SHRI VARDHMAN TRADERS,9422155894,Amravati,SHRI VARDHMAN TRADERS | 9422155894 | Amravati
814,Shree Krishna Traders,9413345094,Ajmer,Shree Krishna Traders | 9413345094 | Ajmer
813,ELITE ASSOCIATES,9839011520,Lucknow,ELITE ASSOCIATES | 9839011520 | Lucknow
812,CHANDWANI CERAMICS,9822042900,Kolhapur,CHANDWANI CERAMICS | 9822042900 | Kolhapur
810,BUILDMART,9592009876,Hisar,BUILDMART | 9592009876 | Hisar
796,SHRI GANESH TILES GALLERY,8264670986,Ludhiana,SHRI GANESH TILES GALLERY | 8264670986 | Ludhiana
795,PARAS CONSTRO HUB PRIVATE LIMITED,9890007224,Nanded-Waghala,PARAS CONSTRO HUB PRIVATE LIMITED | 9890007224 | Nanded-Waghala
792,SWASTIK TILES STUDIO,9925381781,Ankleshwar,SWASTIK TILES STUDIO | 9925381781 | Ankleshwar
791,SAHAJ TRADERS,9925514994,Vadodara,SAHAJ TRADERS | 9925514994 | Vadodara
790,VELOBA TILES STUDIO,9712020333,Surat,VELOBA TILES STUDIO | 9712020333 | Surat
789,AMARDEEPSTONETREDERS,9825179550,Navsari,AMARDEEPSTONETREDERS | 9825179550 | Navsari
788,R-EVERSHHINE TILE STUDIO,9825127331,Surat,R-EVERSHHINE TILE STUDIO | 9825127331 | Surat
741,GANESH CERAMICS,7499114909,Nagpur,GANESH CERAMICS | 7499114909 | Nagpur
735,VENKATESH CERAMICS,9028056630,Latur,VENKATESH CERAMICS | 9028056630 | Latur
734,R.V.STONE TRADING COMPANY,9960600242,Akole,R.V.STONE TRADING COMPANY | 9960600242 | Akole
730,paras constro hub privet limited,9890007227,Nizamabad,paras constro hub privet limited | 9890007227 | Nizamabad
724,SAJAWAT SANITRADE,9408351166,Gandhidham,SAJAWAT SANITRADE | 9408351166 | Gandhidham
700,KEDIA TRADERS,9425275240,Raigarh,KEDIA TRADERS | 9425275240 | Raigarh
699,SHREE SANTOSHI TRADERS,9399696308,Ratlam,SHREE SANTOSHI TRADERS | 9399696308 | Ratlam
698,CADIZ TILES,7069972000,Morbi,CADIZ TILES | 7069972000 | Morbi
670,NAMASKAR MARBLE,9428532365,Kheda,NAMASKAR MARBLE | 9428532365 | Kheda
668,SIGNATURE CERAMICA,9714653851,Anand,SIGNATURE CERAMICA | 9714653851 | Anand
658,SHIVAM CERAMIC,9425188774,Jabalpur,SHIVAM CERAMIC | 9425188774 | Jabalpur
646,POOJA CERAMIC,9824002671,Rajkot,POOJA CERAMIC | 9824002671 | Rajkot
645,KIRAN TILES,9922661415,Yavatmal,KIRAN TILES | 9922661415 | Yavatmal
643,PRP MARBLE & GRANITE,9829084873,Mohali,PRP MARBLE & GRANITE | 9829084873 | Mohali
637,NEW SHIVA MARBLE STORE,8760001786,Batala,NEW SHIVA MARBLE STORE | 8760001786 | Batala
623,AKZORA INTERNATIONAL,9909627000,Morbi,AKZORA INTERNATIONAL | 9909627000 | Morbi
622,TILES GALLERY,9723331666,Surat,TILES GALLERY | 9723331666 | Surat
621,SGK TILE N BATH,9825321579,Ahmedabad,SGK TILE N BATH | 9825321579 | Ahmedabad
612,SHREE SADGURU CORPORATION,9512488111,Morbi,SHREE SADGURU CORPORATION | 9512488111 | Morbi
597,RAJVEER GRANITES,9926900098,Khargone,RAJVEER GRANITES | 9926900098 | Khargone
595,KHUSHI RAM & CO.,9815112233,Chandigarh,KHUSHI RAM & CO. | 9815112233 | Chandigarh
594,SHREE RADHE TRADERS,9541547047,Chandigarh,SHREE RADHE TRADERS | 9541547047 | Chandigarh
571,CREATION,9106612536,Bhuj,CREATION | 9106612536 | Bhuj
570,I SQUARE INTERIORS,7874474449,Rajkot,I SQUARE INTERIORS | 7874474449 | Rajkot
558,JAI BAJRANG TRADERS,7317490001,Barbanki,JAI BAJRANG TRADERS | 7317490001 | Barbanki
552,SHIVSHAKTI DISTRIBUTORS,9096900088,Pune,SHIVSHAKTI DISTRIBUTORS | 9096900088 | Pune
551,WATER WORLD,9028590888,Pune,WATER WORLD | 9028590888 | Pune
521,CEYONE TILES EMPORIUM,9737781177,Ahmedabad,CEYONE TILES EMPORIUM | 9737781177 | Ahmedabad
505,SAI KRUPA SANITARIES (SQUARE FEET),9898170516,Rajkot,SAI KRUPA SANITARIES (SQUARE FEET) | 9898170516 | Rajkot
504,JEEL HOME DECOR,7818911111,Jetpur,JEEL HOME DECOR | 7818911111 | Jetpur
503,RAGHAV ENTERPRISE,9925021701,Porbandar,RAGHAV ENTERPRISE | 9925021701 | Porbandar
490,RADHE SANETARY AND PIPE FITTING,9898497092,Gondal,RADHE SANETARY AND PIPE FITTING | 9898497092 | Gondal
484,GARG SANITARY STORE,9888691244,Patiala,GARG SANITARY STORE | 9888691244 | Patiala
478,KRISHNA MARKETING,9412054413,Dehradun,KRISHNA MARKETING | 9412054413 | Dehradun
472,SHRI OM TRADING CO.,9876339000,Jalandhar,SHRI OM TRADING CO. | 9876339000 | Jalandhar
470,SUNSTONE CERAMIC,8401111772,Rajkot,SUNSTONE CERAMIC | 8401111772 | Rajkot
420,Deepika Steel & Cement,9999953630,Gurgaon,Deepika Steel & Cement | 9999953630 | Gurgaon
394,ELEGANT TILE STUDIO,8698453666,Jalna,ELEGANT TILE STUDIO | 8698453666 | Jalna
386,SAIOM SANITARYWARES,9888580000,Patiala,SAIOM SANITARYWARES | 9888580000 | Patiala
385,THE TILE WORLD,9815978773,Amritsar,THE TILE WORLD | 9815978773 | Amritsar
377,OMKAR TRADERS,9537537378,Pusad,OMKAR TRADERS | 9537537378 | Pusad
312,TILE ART GALLERY,9056500411,Mohali,TILE ART GALLERY | 9056500411 | Mohali
311,ANANDI STONEX,80903000192,Lucknow,ANANDI STONEX | 80903000192 | Lucknow
294,BHAWANI MARBLE AND WOODS,9657015566,Nashik,BHAWANI MARBLE AND WOODS | 9657015566 | Nashik
274,JHULELAL SANITRADEE,9898968777,Gandhidham,JHULELAL SANITRADEE | 9898968777 | Gandhidham
270,TILES.NATION,9812028619,Noida,TILES.NATION | 9812028619 | Noida
217,SINGLA BATH & FLOORS,9034977728,Panipat,SINGLA BATH & FLOORS | 9034977728 | Panipat
102,GALLERIA TILES AND DECORR,9409498687,Rajkot,GALLERIA TILES AND DECORR | 9409498687 | Rajkot
101,VISHNU TRADERS,9426406263,Dahod,VISHNU TRADERS | 9426406263 | Dahod
100,SOOD MARBLE & SANITARY STORE,9417100780,Hoshiarpur,SOOD MARBLE & SANITARY STORE | 9417100780 | Hoshiarpur
98,S.S.B. ENTERPRISES,7988715759,Bahadurgarh,S.S.B. ENTERPRISES | 7988715759 | Bahadurgarh
97,Marble Home,9416344919,Karnal,Marble Home | 9416344919 | Karnal
96,SHARDA TIMBER TRADERS,9822573701,Ghoti,SHARDA TIMBER TRADERS | 9822573701 | Ghoti
95,SHRI RAM TILES AND GRANITE,9407812121,Manasa,SHRI RAM TILES AND GRANITE | 9407812121 | Manasa
94,SHETH NENSHI RAVJI,9427944449,Jamnagar,SHETH NENSHI RAVJI | 9427944449 | Jamnagar
93,KISHOR MARBLE AND TILES INDUSTRIES,9423123347,Amravati,KISHOR MARBLE AND TILES INDUSTRIES | 9423123347 | Amravati
91,UMIYA CERAMIC,9028990909,SAHADA,UMIYA CERAMIC | 9028990909 | SAHADA
90,HARI OM MARBLE,9764132178,Raver,HARI OM MARBLE | 9764132178 | Raver
89,NAMAN BUILDCON,8007494708,Nandurbar,NAMAN BUILDCON | 8007494708 | Nandurbar
88,VARDHAMAN CERAMICS,7517924206,Akola,VARDHAMAN CERAMICS | 7517924206 | Akola
86,BAIG TILES AND GRANITE,9823509681,Beed,BAIG TILES AND GRANITE | 9823509681 | Beed
85,ATUL INDUSTRIES,9423785996,Shrirampur,ATUL INDUSTRIES | 9423785996 | Shrirampur
84,THE TILE PARK,9427106735,Surat,THE TILE PARK | 9427106735 | Surat
83,SELECTION ZONE,9925138956,Surat,SELECTION ZONE | 9925138956 | Surat
82,MARBLE PARK,7506133166,Vapi,MARBLE PARK | 7506133166 | Vapi
79,CERATEC TILES INDIA PVT,9096900963,Pune,CERATEC TILES INDIA PVT | 9096900963 | Pune
78,LA CASA DECOR,9815900039,Panchkula,LA CASA DECOR | 9815900039 | Panchkula
77,JAI SHANKAR BUILDING,9850171117,Ulhasnagar,JAI SHANKAR BUILDING | 9850171117 | Ulhasnagar
76,OM TILES,9712916588,Mehsana,OM TILES | 9712916588 | Mehsana
75,VEER SAI CERAMICS,8600995696,Dhule,VEER SAI CERAMICS | 8600995696 | Dhule
74,BEUTY WARES,9842736333,Coimbatatore,BEUTY WARES | 9842736333 | Coimbatatore
72,VEERBA CERAMIC,9881646465,Nagpur,VEERBA CERAMIC | 9881646465 | Nagpur
71,APOSH,7796555906,Nashik,APOSH | 7796555906 | Nashik
70,AESTHETIC AVENUE LLP,7988287009,Mohali,AESTHETIC AVENUE LLP | 7988287009 | Mohali
58,VASTU NIRMITEE,9422229229,Sangamner,VASTU NIRMITEE | 9422229229 | Sangamner
57,DEEPAK MARBLE STORE,9896100032,Sirsa,DEEPAK MARBLE STORE | 9896100032 | Sirsa
56,MEHTA TILES AND BUILDING MATERIAL,9729542084,Fatehabad,MEHTA TILES AND BUILDING MATERIAL | 9729542084 | Fatehabad
55,MANTRI MARBLE INDUSTRIES,9423151840,CHHTRAPATI SAMBHAJINAGAR,MANTRI MARBLE INDUSTRIES | 9423151840 | CHHTRAPATI SAMBHAJINAGAR
54,SOOD TILES & GRANITE,9815400111,Khanna,SOOD TILES & GRANITE | 9815400111 | Khanna
53,ARIHANT BUILDMATE,9879194191,MUNDRA,ARIHANT BUILDMATE | 9879194191 | MUNDRA
52, SUNHEART TILES DEPO,9849806511,Hyderabad, SUNHEART TILES DEPO | 9849806511 | Hyderabad
51,PATEL & CO.,9885443605,Hyderabad,PATEL & CO. | 9885443605 | Hyderabad
50,Shreeram Enterprise,9033468447,Rajkot,Shreeram Enterprise | 9033468447 | Rajkot
49,ISMO ENTERPRISES,9422183821,KHAMGAON,ISMO ENTERPRISES | 9422183821 | KHAMGAON
48,SHREE SHYAM CERAMICS PRIVATE LIMITED,9890026666,Nagpur,SHREE SHYAM CERAMICS PRIVATE LIMITED | 9890026666 | Nagpur
47,HOME STUDIO,9825893998,Himatnagar,HOME STUDIO | 9825893998 | Himatnagar
46,H.D.M. TILES & CHEMICALS,9896461177,Varanasi,H.D.M. TILES & CHEMICALS | 9896461177 | Varanasi
45,PATEL TILES,9925200031,Botad,PATEL TILES | 9925200031 | Botad
44,SHILP CERAMIC,9712700034,Rajkot,SHILP CERAMIC | 9712700034 | Rajkot
43,MOH CERAMICA,9687677938,Ahmedabad,MOH CERAMICA | 9687677938 | Ahmedabad
42,TILE WORLD,7569334455,Vijayawada,TILE WORLD | 7569334455 | Vijayawada
41,PATEL CERAMIC,9271869543,Ahmednagar,PATEL CERAMIC | 9271869543 | Ahmednagar
40,MAHAVIR TILES,9850213553,Pune,MAHAVIR TILES | 9850213553 | Pune
39,SHREE VARDHAMAN GRANITE AND TILES,9029415603,Pune,SHREE VARDHAMAN GRANITE AND TILES | 9029415603 | Pune
38,SHILP MARKETING,9099805777,Ahmedabad,SHILP MARKETING | 9099805777 | Ahmedabad
37,J D CERAMIC,9998388884,Hyderabad,J D CERAMIC | 9998388884 | Hyderabad
36,MAHALAXMI TILES,7276867727,Mangaon,MAHALAXMI TILES | 7276867727 | Mangaon
35,Ganga Ram Tiles & Sanitary Hardware,8008280095,Rewari,Ganga Ram Tiles & Sanitary Hardware | 8008280095 | Rewari
34,PRINCE CERAMICS,9960000093,Malegaon,PRINCE CERAMICS | 9960000093 | Malegaon
33,BAVISHI TILES AND GRANITE,9429991111,Godhra,BAVISHI TILES AND GRANITE | 9429991111 | Godhra
32,JAI TILES AND SANITATION HUB,9034443657,Rohtak,JAI TILES AND SANITATION HUB | 9034443657 | Rohtak
31,SSD ENTERPRISES,9907900548,Raipur,SSD ENTERPRISES | 9907900548 | Raipur
30,PARAS MARBLE,9890328805,Nagpur,PARAS MARBLE | 9890328805 | Nagpur
29,SHREE STONE INDUSTRIES,9825589241,Surat,SHREE STONE INDUSTRIES | 9825589241 | Surat
28,ADITYA CERAMIC,9429533766,Vadodara,ADITYA CERAMIC | 9429533766 | Vadodara
27,Balaji Traders,9810449187,delhi,Balaji Traders | 9810449187 | delhi
26,ONKAR TRADERS,9897309730,Yamunanagar,ONKAR TRADERS | 9897309730 | Yamunanagar
25,COLORTILE BENGALURU LLP,9427488944,Bangalore,COLORTILE BENGALURU LLP | 9427488944 | Bangalore
24,BATH VALLEY,9815839396,Ludhiana,BATH VALLEY | 9815839396 | Ludhiana
22,CITY ART CERAMIC,9825406170,Morbi,CITY ART CERAMIC | 9825406170 | Morbi
21,ERA GALLERY,8822007711,Mohali,ERA GALLERY | 8822007711 | Mohali
20,SHRI SHYAM MARBLE AND GRANITE HOUSE,9355386822,Mahendragarh,SHRI SHYAM MARBLE AND GRANITE HOUSE | 9355386822 | Mahendragarh
19,BHAGWATI MARBLE HOUSE,9729106217,Narwana,BHAGWATI MARBLE HOUSE | 9729106217 | Narwana
18,OMADA HOME STUDIO LLP,7777976521,Vadodara,OMADA HOME STUDIO LLP | 7777976521 | Vadodara
17,BHARAT MARBLES ROHTA,7888713488,Nabha,BHARAT MARBLES ROHTA | 7888713488 | Nabha
16,SHRIKRISHNA AGENCIES,9822960988,JALGAON,SHRIKRISHNA AGENCIES | 9822960988 | JALGAON
15,FLOOR TOUCH,9930930304,Mumbai,FLOOR TOUCH | 9930930304 | Mumbai
13,JAYNARAYAN CERAMIC,9825728912,Vadodara,JAYNARAYAN CERAMIC | 9825728912 | Vadodara
12,ARVACHIN ENTERPRISES PRIVATE LIMITED,7011357735,delhi,ARVACHIN ENTERPRISES PRIVATE LIMITED | 7011357735 | delhi
11,RK TAP AND TILE WORLD,7015005369,Jind,RK TAP AND TILE WORLD | 7015005369 | Jind
10,HOME DECOR NXG,9370044002,Nashik,HOME DECOR NXG | 9370044002 | Nashik
9,ROYAL HOME,9764055011,Amravati,ROYAL HOME | 9764055011 | Amravati
8,SHANIKRUPA GRANITE AND TILES,9850509998,Ahmednagar,SHANIKRUPA GRANITE AND TILES | 9850509998 | Ahmednagar
7,WIN TRADE CERAMICS,7588024928,Nashik,WIN TRADE CERAMICS | 7588024928 | Nashik
6,SANTOSH CERAMIC,9057819391,Jaipur,SANTOSH CERAMIC | 9057819391 | Jaipur
5,DURGA MARBLE AND TILES,9896336845,Hisar,DURGA MARBLE AND TILES | 9896336845 | Hisar
2,CERAMIC SHOPPEE,9481704006,Hubli-Dharwad,CERAMIC SHOPPEE | 9481704006 | Hubli-Dharwad
1,DA VINCI CERAMIC LLP,9723553272,Morbi,DA VINCI CERAMIC LLP | 9723553272 | Morbi